{"total_flights":547271,"cancellation_rate":3.7255765425,"diversion_rate":0.2762799417,"delay_rate":26.518306287,"top_routes":{"('OGG', 'HNL')":1001,"('HNL', 'OGG')":994,"('LAX', 'SFO')":858,"('SFO', 'LAX')":857,"('PHX', 'DEN')":802},"top_carriers":{"WN":115389,"AA":77346,"DL":74384,"UA":58855,"OO":56814}}